canale,spesa_corrente,spesa_ottimale,variazione_eur,variazione_pct,candidature_correnti,candidature_ottimali,roas_marg_corrente_x1000,roas_marg_ottimale_x1000
google,11227.807307692306,8437.244335207932,-2790.5629724843748,-0.24854033347833876,158.6500424534836,132.93907731010623,8.512340104516625,9.996351709048668
meta,8541.659743589744,10052.630849315075,1510.9711057253317,0.17689432160526758,125.00847252117632,141.5334917283911,11.921401872683646,9.997266961761397
linkedin,4723.7274358974355,7715.511092967029,2991.7836570695936,0.6333523044394709,72.33278746499177,117.93685799894419,20.94446811113926,9.997512353166371
indeed,7464.612820512821,7794.613722509966,330.00090199714487,0.04420870980612679,145.8400575143573,149.2851763555237,10.889952546051518,10.000540351370546
