{
  "gain_p05": -0.04371729747983053,
  "gain_p50": -0.01930395827080883,
  "gain_p95": 0.009850325709519393,
  "prob_gain_positivo": 0.13
}