{"google": {"spend": [0.0, 719.7312376725837, 1439.4624753451674, 2159.193713017751, 2878.9249506903348, 3598.6561883629183, 4318.387426035502, 5038.1186637080855, 5757.8499013806695, 6477.5811390532535, 7197.312376725837, 7917.043614398421, 8636.774852071005, 9356.506089743589, 10076.237327416171, 10795.968565088755, 11515.699802761339, 12235.431040433923, 12955.162278106507, 13674.89351577909, 14394.624753451673, 15114.355991124257, 15834.087228796841, 16553.818466469424, 17273.54970414201, 17993.28094181459, 18713.012179487177, 19432.74341715976, 20152.474654832342, 20872.205892504928, 21591.93713017751, 22311.668367850096, 23031.399605522678, 23751.13084319526, 24470.862080867846, 25190.59331854043, 25910.324556213014, 26630.055793885596, 27349.78703155818, 28069.518269230764], "p05": [0.0, 2.1428560621488675, 5.967689468941639, 10.326490609612835, 15.110902194066764, 20.897345906415556, 27.42735007230301, 34.54798674874178, 40.53875982632912, 45.72919099866621, 50.78299053734877, 56.63696114689215, 63.45956186017374, 69.71948151060091, 75.97973659527722, 81.91857394443328, 86.02148160954971, 89.25867039595707, 93.61499852555079, 97.98287638192053, 101.51105816476074, 105.0405488327143, 108.57442461734603, 111.38623120518375, 114.19026216703129, 116.81442775975745, 119.27295123152362, 121.57999612883992, 124.36139695204265, 126.20034625332063, 127.96370359143589, 129.44443607945217, 130.85188781453914, 132.32324403757883, 133.7002181232307, 135.02135968723917, 136.29415667043568, 137.49124072763885, 138.6181950896029, 140.6296338175054], "p50": [0.0, 11.971210845084538, 23.994910127213643, 35.72256684894083, 45.17640625959381, 54.22152657844938, 62.85386143434853, 71.27246498917937, 78.33289574703898, 85.05511397880551, 91.67731832195452, 97.84972728336353, 103.06139087110198, 108.77414077905456, 113.62346468315015, 118.77221212518003, 123.52736021801667, 127.50049714713006, 131.37216857158793, 134.58931965102113, 137.54042132422848, 140.3188348858398, 143.40606991647076, 145.9498521864541, 148.74016734355257, 151.5395098386182, 154.01003180919912, 156.62030163189667, 158.81795396252295, 161.7878176409493, 164.46798170899612, 166.57053198664647, 169.24177085581425, 171.4937514267849, 173.61734803449193, 175.09646331515637, 176.69873848351637, 178.12325158986442, 179.9696653957572, 181.68042861222426], "p95": [0.0, 46.295485889899965, 69.60600147604183, 85.67107025389019, 100.11024173324192, 111.54868879966902, 120.70626453929749, 129.27202688728894, 137.48554478428102, 144.95653990925533, 151.80694727069044, 158.07324510440026, 162.1812031634722, 168.99021658067625, 173.96000797444148, 177.52856268664257, 180.88902844070452, 184.06401812111565, 187.07260525305654, 189.91443039427642, 192.60905519056251, 195.30316765701602, 198.26435306455403, 201.19097709463978, 203.6459665549295, 205.6127402066798, 207.49204084923576, 210.40742924665432, 213.7481678561294, 216.75169724618073, 218.17205010189028, 220.59344588372642, 222.34601363912253, 224.41554525296112, 226.54750550100707, 228.61920291885218, 230.6336857816094, 232.59034464334073, 234.70700287546563, 236.3452350121243]}, "meta": {"spend": [0.0, 547.5422912557527, 1095.0845825115055, 1642.626873767258, 2190.169165023011, 2737.7114562787638, 3285.253747534516, 3832.796038790269, 4380.338330046022, 4927.880621301774, 5475.4229125575275, 6022.96520381328, 6570.507495069032, 7118.049786324786, 7665.592077580538, 8213.13436883629, 8760.676660092044, 9308.218951347797, 9855.761242603548, 10403.303533859302, 10950.845825115055, 11498.388116370807, 12045.93040762656, 12593.472698882313, 13141.014990138065, 13688.557281393818, 14236.099572649571, 14783.641863905324, 15331.184155161076, 15878.72644641683, 16426.26873767258, 16973.811028928336, 17521.353320184087, 18068.89561143984, 18616.437902695594, 19163.980193951345, 19711.522485207097, 20259.064776462852, 20806.607067718604, 21354.14935897436], "p05": [0.0, 0.6924311728530111, 2.6743336953995223, 5.989607595131708, 10.246513924187386, 15.953091530817188, 21.90737712306306, 28.099944795112023, 34.3683354693252, 40.49059658123451, 46.783332675567785, 52.034580851591, 56.89729253767837, 61.943942572055875, 66.08846842785017, 71.10128570804613, 76.06130547801895, 79.63539724381056, 81.86138143430193, 84.49410930926963, 87.59306492729344, 90.52177114428984, 93.19751447261221, 94.76302609838592, 96.20458070156334, 97.43304578854317, 98.58125975430556, 100.44691917222781, 101.38707419135577, 102.23418255265294, 103.96356615026714, 105.89291136968889, 106.28840592745031, 106.64992960459311, 106.9811629012394, 107.2853133301418, 107.59080088869644, 107.99474384705535, 109.05168568441161, 110.06644489345402], "p50": [0.0, 6.716655325883092, 14.927183892903434, 23.45801962805628, 31.61532450574903, 39.02062399995649, 45.908004314558994, 53.13705839282369, 60.01963860694916, 66.40699264076011, 72.3154745868986, 77.39395483081879, 82.86228075968057, 88.1832794334368, 92.42687547943902, 97.44161455912501, 101.6566041797763, 105.4076812313762, 108.74491123795531, 112.20054040578235, 115.54145602614014, 118.0890238717457, 120.97619340898332, 123.80669920452172, 126.66627228877462, 128.86962128033088, 131.2841806720005, 133.52699913052948, 135.56516378194908, 137.56561161850124, 139.89982373233642, 141.37028077590097, 143.08994112921164, 145.1554375047386, 146.36183301196198, 148.1190168772458, 149.4349345978202, 150.71135096284297, 152.20149527258653, 153.42349608980487], "p95": [0.0, 34.90893148855503, 55.30572503391039, 71.47570796953805, 87.54002175800942, 98.59378254936604, 105.88760874019835, 112.10079394935818, 117.50884063020392, 123.63762380555006, 130.1078854386831, 134.78976234651898, 139.7274966625821, 144.18061603916973, 147.9884790413571, 151.57184471252936, 154.95549469776387, 158.16023978240935, 161.20373946222637, 164.10111781629985, 168.73595646826158, 171.61575093532736, 174.21479698730218, 176.5960937368933, 178.8584247997021, 181.03980855422893, 183.16735951130408, 185.20643299003578, 187.15645131608716, 189.02358658743213, 191.14920348110394, 194.2195968052633, 197.15440671166277, 198.42278844100656, 199.56792605287498, 200.64291679660593, 202.41850681530437, 204.76955969565734, 207.3154868718135, 209.80510434857715]}, "linkedin": {"spend": [0.0, 302.8030407626561, 605.6060815253122, 908.4091222879683, 1211.2121630506244, 1514.0152038132806, 1816.8182445759367, 2119.6212853385928, 2422.424326101249, 2725.227366863905, 3028.030407626561, 3330.833448389217, 3633.6364891518733, 3936.4395299145294, 4239.2425706771855, 4542.045611439842, 4844.848652202498, 5147.651692965153, 5450.45473372781, 5753.2577744904665, 6056.060815253122, 6358.863856015778, 6661.666896778434, 6964.469937541091, 7267.272978303747, 7570.076019066402, 7872.879059829059, 8175.682100591715, 8478.485141354371, 8781.288182117027, 9084.091222879684, 9386.89426364234, 9689.697304404996, 9992.500345167651, 10295.303385930307, 10598.106426692964, 10900.90946745562, 11203.712508218276, 11506.515548980933, 11809.318589743589], "p05": [0.0, 0.04711674626255187, 0.16030284270001205, 0.32013199295512024, 0.48319877382198906, 0.7113860090173112, 0.9857051691586018, 1.296388300578508, 1.7472273621601049, 2.3190998752718386, 2.9755730982000945, 3.7125593297578976, 4.053485362041513, 4.351234846178211, 4.637505162913105, 4.9124657470837585, 5.17636612789654, 5.429513301069049, 5.673398880991775, 5.915749873188377, 6.283963209581198, 6.429379838744146, 6.567019114280564, 6.815055844754399, 7.077761621767098, 7.328125196987001, 7.566485505002124, 7.793237627395333, 7.964553628165045, 8.113016289325873, 8.25602379505486, 8.393850290162328, 8.526753288142796, 8.645880910271279, 8.70861064383522, 8.769241032123578, 8.827888440344998, 8.884660244023577, 8.939655719433395, 8.992966826469276],