{
  "channels": {
    "google": {
      "roi": {
        "mean": 1.9543068408966064,
        "sd": 0.4230194091796875,
        "q05": 1.346213459968567,
        "q50": 1.9046143293380737,
        "q95": 2.7092337608337402
      },
      "adstock_lam": {
        "mean": 0.2645035982131958,
        "sd": 0.11987116932868958,
        "q05": 0.0638575330376625,
        "q50": 0.2660849094390869,
        "q95": 0.46469640731811523
      },
      "hill_ec": {
        "mean": 1.6204843521118164,
        "sd": 0.5517491698265076,
        "q05": 0.8198809623718262,
        "q50": 1.5536410808563232,
        "q95": 2.62577748298645
      },
      "hill_slope": {
        "mean": 1.0,
        "sd": 0.0,
        "q05": 1.0,
        "q50": 1.0,
        "q95": 1.0
      }
    },
    "indeed": {
      "roi": {
        "mean": 2.7790448665618896,
        "sd": 0.5358648300170898,
        "q05": 2.0221896171569824,
        "q50": 2.7216029167175293,
        "q95": 3.75925350189209
      },
      "adstock_lam": {
        "mean": 0.2907630503177643,
        "sd": 0.08560791611671448,
        "q05": 0.14580518007278442,
        "q50": 0.29294198751449585,
        "q95": 0.42873215675354004
      },
      "hill_ec": {
        "mean": 1.5735251903533936,
        "sd": 0.5240141749382019,
        "q05": 0.8051639199256897,
        "q50": 1.5257925987243652,
        "q95": 2.49863338470459
      },
      "hill_slope": {
        "mean": 1.0,
        "sd": 0.0,
        "q05": 1.0,
        "q50": 1.0,
        "q95": 1.0
      }
    },
    "linkedin": {
      "roi": {
        "mean": 0.8538228273391724,
        "sd": 0.5767858028411865,
        "q05": 0.24145151674747467,
        "q50": 0.7149953842163086,
        "q95": 1.9144684076309204
      },
      "adstock_lam": {
        "mean": 0.519322395324707,
        "sd": 0.2462286651134491,
        "q05": 0.09973825514316559,
        "q50": 0.522424578666687,
        "q95": 0.9191948175430298
      },
      "hill_ec": {
        "mean": 1.0729416608810425,
        "sd": 0.6048743724822998,
        "q05": 0.24255086481571198,
        "q50": 0.9758859872817993,
        "q95": 2.1882870197296143
      },
      "hill_slope": {
        "mean": 1.0,
        "sd": 0.0,
        "q05": 1.0,
        "q50": 1.0,
        "q95": 1.0
      }
    },
    "meta": {
      "roi": {
        "mean": 1.9536347389221191,
        "sd": 0.7004150748252869,
        "q05": 1.0958095788955688,
        "q50": 1.8332226276397705,
        "q95": 3.183515787124634
      },
      "adstock_lam": {
        "mean": 0.35708990693092346,
        "sd": 0.12354161590337753,
        "q05": 0.15640053153038025,
        "q50": 0.3556816875934601,
        "q95": 0.56147301197052
      },
      "hill_ec": {
        "mean": 1.4808568954467773,
        "sd": 0.5538555979728699,
        "q05": 0.6505052447319031,
        "q50": 1.4348621368408203,
        "q95": 2.4513251781463623
      },
      "hill_slope": {
        "mean": 1.0,
        "sd": 0.0,
        "q05": 1.0,
        "q50": 1.0,
        "q95": 1.0
      }
    }
  },
  "diagnostics": {
    "max_rhat": 1.0071658648092108,
    "rhat_params": 13
  }
}