{"summary": {"alpha": {"mean": 864.0, "sd": 36.8, "hdi_5%": 802.162, "hdi_95%": 919.019, "r_hat": 1.01}, "trend": {"mean": 0.534, "sd": 0.13, "hdi_5%": 0.337, "hdi_95%": 0.761, "r_hat": 1.0}, "f_sin1": {"mean": 25.169, "sd": 12.438, "hdi_5%": 4.127, "hdi_95%": 44.428, "r_hat": 1.01}, "f_cos1": {"mean": -118.061, "sd": 9.901, "hdi_5%": -133.327, "hdi_95%": -101.813, "r_hat": 1.0}, "f_sin2": {"mean": 40.011, "sd": 7.118, "hdi_5%": 27.031, "hdi_95%": 50.346, "r_hat": 1.0}, "f_cos2": {"mean": -7.133, "sd": 4.988, "hdi_5%": -16.566, "hdi_95%": 0.145, "r_hat": 1.0}, "gamma_richieste_clienti": {"mean": 0.168, "sd": 0.033, "hdi_5%": 0.113, "hdi_95%": 0.22, "r_hat": 1.01}, "gamma_ricerche_lavoratori": {"mean": 0.067, "sd": 0.016, "hdi_5%": 0.039, "hdi_95%": 0.091, "r_hat": 1.0}, "beta_google": {"mean": 380.091, "sd": 79.702, "hdi_5%": 258.988, "hdi_95%": 505.498, "r_hat": 1.01}, "lam_google": {"mean": 0.07, "sd": 0.069, "hdi_5%": 0.0, "hdi_95%": 0.174, "r_hat": 1.0}, "K_google": {"mean": 34198.107, "sd": 15359.65, "hdi_5%": 10486.708, "hdi_95%": 54962.357, "r_hat": 1.0}, "s_google": {"mean": 0.767, "sd": 0.198, "hdi_5%": 0.484, "hdi_95%": 1.107, "r_hat": 1.01}, "beta_meta": {"mean": 176.296, "sd": 44.727, "hdi_5%": 110.082, "hdi_95%": 250.208, "r_hat": 1.01}, "lam_meta": {"mean": 0.324, "sd": 0.094, "hdi_5%": 0.159, "hdi_95%": 0.466, "r_hat": 1.0}, "K_meta": {"mean": 13129.032, "sd": 4696.765, "hdi_5%": 6462.749, "hdi_95%": 20026.038, "r_hat": 1.0}, "s_meta": {"mean": 1.655, "sd": 0.497, "hdi_5%": 0.924, "hdi_95%": 2.439, "r_hat": 1.0}, "beta_linkedin": {"mean": 84.286, "sd": 32.248, "hdi_5%": 35.357, "hdi_95%": 138.005, "r_hat": 1.01}, "lam_linkedin": {"mean": 0.749, "sd": 0.126, "hdi_5%": 0.564, "hdi_95%": 0.935, "r_hat": 1.0}, "K_linkedin": {"mean": 28825.153, "sd": 12427.6, "hdi_5%": 11686.976, "hdi_95%": 47708.66, "r_hat": 1.01}, "s_linkedin": {"mean": 2.682, "sd": 0.913, "hdi_5%": 1.27, "hdi_95%": 4.128, "r_hat": 1.0}, "beta_indeed": {"mean": 142.011, "sd": 30.199, "hdi_5%": 98.78, "hdi_95%": 194.212, "r_hat": 1.0}, "lam_indeed": {"mean": 0.025, "sd": 0.04, "hdi_5%": 0.0, "hdi_95%": 0.08, "r_hat": 1.0}, "K_indeed": {"mean": 4845.985, "sd": 1360.99, "hdi_5%": 2886.563, "hdi_95%": 7106.691, "r_hat": 1.0}, "s_indeed": {"mean": 1.933, "sd": 0.567, "hdi_5%": 1.05, "hdi_95%": 2.736, "r_hat": 1.01}, "sigma": {"mean": 31.486, "sd": 1.857, "hdi_5%": 28.762, "hdi_95%": 34.676, "r_hat": 1.0}}, "curves": {"google": {"spend": [0.0, 719.7312376725837, 1439.4624753451674, 2159.193713017751, 2878.9249506903348, 3598.6561883629183, 4318.387426035502, 5038.1186637080855, 5757.8499013806695, 6477.5811390532535, 7197.312376725837, 7917.043614398421, 8636.774852071005, 9356.506089743589, 10076.237327416171, 10795.968565088755, 11515.699802761339, 12235.431040433923, 12955.162278106507, 13674.89351577909, 14394.624753451673, 15114.355991124257, 15834.087228796841, 16553.818466469424, 17273.54970414201, 17993.28094181459, 18713.012179487177, 19432.74341715976, 20152.474654832342, 20872.205892504928, 21591.93713017751, 22311.668367850096, 23031.399605522678, 23751.13084319526, 24470.862080867846, 25190.59331854043, 25910.324556213014, 26630.055793885596, 27349.78703155818, 28069.518269230764], "p05": [0.0, 5.239617958892215, 11.775068121092604, 18.417745317208656, 24.803808217270927, 31.215174041315496, 37.902137213524256, 43.69519563887604, 49.63481281642902, 55.53688613972808, 61.256755973532265, 66.46394666462251, 71.68655793601174, 76.58482350432826, 81.4828886532968, 86.75787585904936, 91.63030747046209, 95.3769748058735, 99.20295885611546, 101.93531340558192, 104.76508270393342, 107.53037245991337, 110.19186587205061, 112.7559950583453, 115.2391652047299, 117.66348819515974, 120.00702996768055, 122.290923838779, 124.35150714367202, 125.9416227580028, 128.07570286226883, 129.9192898385372, 132.4010178659482, 134.25041891549375, 136.0900490006998, 137.8419381537953, 139.5287944230313, 141.19030879411383, 142.81019273059027, 144.4324538955759], "p50": [0.0, 22.53369019580934, 36.62369576428986, 47.93946661404091, 57.371151975586514, 65.11633555325554, 72.24259229285362, 79.0192194564912, 85.39004244778988, 91.25710228323771, 96.690745974737, 101.76955875912404, 106.9891602400629, 111.03325083699133, 115.05409712213644, 118.53401777663089, 122.19306937194848, 125.965321450058, 128.90174471882978, 132.58339544555906, 136.27856423804474, 138.98652340148362, 142.06419469614644, 144.7646459319365, 147.65865846514527, 150.47161852279584, 153.14211663081312, 155.61021860701433, 158.31487373427723, 160.55813679403866, 163.42460997623385, 166.23637499853095, 168.8401166758965, 171.3974062177784, 173.89023115225547, 176.20391076881123, 178.4843700268132, 180.22853513378413, 182.05142193104922, 183.71352282301473], "p95": [0.0, 61.057319188890915, 81.52367242372544, 95.92927198386788, 106.29791076556097, 113.83126030902068, 122.38720468521237, 128.56306269108174, 133.1615683070706, 139.22297968565434, 144.33387993349646, 149.53807483254113, 154.57296468221256, 159.02399394079498, 163.38792384618517, 167.46870432390773, 171.3055126244622, 174.94033391924526, 178.39198585263577, 181.68831668633922, 184.44678518749438, 186.79706194851175, 189.0448377659843, 191.1984891162093, 193.63537676896712, 196.4727873279147, 199.21439660346493, 201.86633284584136, 204.43414187513665, 206.92286007892832, 209.36489887357158, 211.47285302206853, 213.91663093531943, 216.2586311628162, 218.4424348906609, 220.56880270997115, 222.63006300555065, 224.01958403945437, 225.15640794055187, 226.2526761316068]}, "meta": {"spend": [0.0, 547.5422912557527, 1095.0845825115055, 1642.626873767258, 2190.169165023011, 2737.7114562787638, 3285.253747534516, 3832.796038790269, 4380.338330046022, 4927.880621301774, 5475.4229125575275, 6022.96520381328, 6570.507495069032, 7118.049786324786, 7665.592077580538, 8213.13436883629, 8760.676660092044, 9308.218951347797, 9855.761242603548, 10403.303533859302, 10950.845825115055, 11498.388116370807, 12045.93040762656, 12593.472698882313, 13141.014990138065, 13688.557281393818, 14236.099572649571, 14783.641863905324, 15331.184155161076, 15878.72644641683, 16426.26873767258, 16973.811028928336, 17521.353320184087, 18068.89561143984, 18616.437902695594, 19163.980193951345, 19711.522485207097, 20259.064776462852, 20806.607067718604, 21354.14935897436], "p05": [0.0, 0.1782460026276088, 0.9932820743393364, 2.8145881661549614, 5.407404334282375, 9.373313796411514, 13.023038831398408, 18.090913266699356, 23.174229612095814, 28.254509836042715, 33.358356397086176, 38.470478861826315, 43.8127271838748, 49.33534466984439, 53.94516855925929, 58.440203936952095, 61.79793641842954, 65.48936798050644, 69.54903489409467, 72.76548984091532, 74.96214974926157, 78.8355842338876, 81.62283843538006, 84.21191375306414, 85.90432375167283, 87.90167591374615, 89.76762232232538, 91.50737838609342, 93.02162885235933, 94.1862591369357, 95.47327138583589, 96.18332796663742, 97.04302245946946, 97.77539518726792, 98.61695147449939, 99.61995492611096, 100.77837324233427, 101.72601140140318, 101.94436857845723, 102.16489759253325], "p50": [0.0, 2.257969161425735, 6.445310211899476, 11.851476003116757, 18.218308956344856, 25.02933612993403, 31.84733043482004, 39.023458835579845, 45.43866419415343, 51.86856514511281, 57.799218297522245, 63.994401969372575, 70.14358631351507, 75.04658943051604, 79.3334056015162, 84.17296915377531, 88.25313360550744, 92.16733878184402, 95.6280927365016, 98.36922729328316, 101.81404899665293, 104.70355956302436, 107.18632144808927, 109.75300723318811, 112.6671487351059, 115.16281537752488, 117.37141871209694, 119.43146537017498, 120.87431353719077, 122.7556048375786, 124.20858240286614, 125.16162429145345, 126.62929892877568, 127.90037403838322, 128.84104938230007, 130.19754432897454, 131.92404717707876, 133.3992084432336, 134.84708376472597, 135.84853630157494],